clip_similarity,text_length,image_brightness,label
0.14846462,0,0.5,0
0.21402839,16,0.5,0
0.24507606,23,0.5,0
0.1589374,386,0.5,0
0.16795427,29,0.5,0
0.18171349,0,0.5,0
0.22056472,15,0.5,0
0.26810613,6,0.5,1
0.21759106,32,0.5,0
0.069615446,8,0.5,0
