image_id,clip_similarity,text_length,label
IicyiaPYGGI,0.1484646201133728,0,0
EwKXn5CapA4,0.21402838826179504,3,0
1Z2niiBPg5A,0.24507606029510498,4,0
UCd78vfC8vU,0.15893739461898804,72,0
cssvEZacHvQ,0.16795426607131958,5,0
d4feocYfzAM,0.18171349167823792,0,0
Rfflri94rs8,0.22056472301483154,2,0
h5wvMCdOV3w,0.2681061327457428,1,1
78A265wPiO4,0.2175910621881485,5,0
sLAk1guBG90,0.0696154460310936,1,0
